a_num,b_link,c_title,d_dateUK,e_dateISO,f_image,g_alt,h_desc,i_page
360,https://www.chronicle.com/blogs/linguafranca/2018/12/18/how-writing-to-deadlines-can-hold-your-life-together/,How Writing to Deadlines Can Hold Your Life Together,18 Dec 2018,2018-12-18,https://chronicle-brightspot.s3.amazonaws.com/38/14/67b33560f566a2ef0db936cd317c/1500x500.jpg,typewriter,Geoff Pullum reflects on the surprising benefits of having to write a Lingua Franca post every week for seven years.,https://www.chronicle.com/blogs/linguafranca?p=1
359,https://www.chronicle.com/blogs/linguafranca/2018/12/13/how-googles-autotype-contradicts-orwells-advice/,How Google’s Autotype Contradicts Orwell’s Advice,13 Dec 2018,2018-12-13,https://chronicle-brightspot.s3.amazonaws.com/1f/0e/f1dcb82012b779dcdcb0b6b27b5c/orwell-360x450-0.jpg,orwell,To Geoff Pullum’s amusement, Gmail now offers phrases that are exactly the opposite of what the author of Nineteen Eighty-Four said writers should use.,https://www.chronicle.com/blogs/linguafranca?p=1
358,https://www.chronicle.com/blogs/linguafranca/2018/12/03/the-web-page-that-cannot-exist/,The Web Page That Cannot Exist,3 Dec 2018,2018-12-03,https://chronicle-brightspot.s3.amazonaws.com/42/6b/67307809e42f45c274f66e53921f/giovanni-battista-piranesi-the-drawbridge-google-art-project.jpg,stairs,A tiny error on a conference web page provides Geoff Pullum with a concrete example for teaching abstract concepts in philosophy.,https://www.chronicle.com/blogs/linguafranca?p=2
357,https://www.chronicle.com/blogs/linguafranca/2018/11/26/a-pocket-brexicon-for-american-academics/,A Pocket Brexicon for American Academics,26 Nov 2018,2018-11-26,https://chronicle-brightspot.s3.amazonaws.com/27/31/40a904545b6462b3dca2fe574af9/brexit.jpg,brexit,Academics visiting Britain from the United States this holiday season will have trouble understanding some new words in the newspapers. Geoff Pullum has prepared a helpful Brexit glossary.,https://www.chronicle.com/blogs/linguafranca?p=2
356,https://www.chronicle.com/blogs/linguafranca/2018/11/07/blasphemy-and-the-strange-world-of-linguistic-crimes/,Blasphemy and the Strange World of Linguistic Crimes,7 Nov 2018,2018-11-07,,,The medieval crime of saying things that outrage the pious exists in the 21st century, says Geoff Pullum, making a “safe space” for religion written into the law in some lands.,https://www.chronicle.com/blogs/linguafranca?p=3
355,https://www.chronicle.com/blogs/linguafranca/2018/10/28/a-moment-of-sympathy-for-the-old-fogeys-and-snoots/,A Moment of Sympathy for the Old Fogeys and Snoots,28 Oct 2018,2018-10-28,https://chronicle-brightspot.s3.amazonaws.com/13/37/6b5b083841e0d2e52bb5ad18c8f4/screen-shot-2018-10-27-at-11-07-13-am.png,featherbeds,In the matter of “can not” vs. “cannot,” Geoff Pullum detects a flicker of fellow-feeling for the judgmental prescriptive usage pontificators of the world.,https://www.chronicle.com/blogs/linguafranca?p=4
354,https://www.chronicle.com/blogs/linguafranca/2018/10/24/why-linguistics-matters/,Why Linguistics Matters,24 Oct 2018,2018-10-24,https://chronicle-brightspot.s3.amazonaws.com/29/89/dd4be933449e54a5043a38aab8b1/spaghetti-allo-scoglio.jpg,spaghetti,Geoff Pullum was asked to write a book about his field for a lay audience and publisher. Two favorable referee reports left him feeling alone and deprived of counsel, so he resorted to the judgment of that harshest but most biased of referees, the one inside his head.,https://www.chronicle.com/blogs/linguafranca?p=4
353,https://www.chronicle.com/blogs/linguafranca/2018/10/15/sir-harold-evans-sneers-at-a-book-he-has-not-read/,Sir Harold Evans Sneers at a Book He Has Not Read,15 Oct 2018,2019-10-15,http://chronicle-brightspot.s3.amazonaws.com/27/9a/005d0064239936c187046d0c4a23/haroldevans.png,harold evans,Why would a man modify a book on good writing by adding a misguided slur and a misattributed quotation? Geoff Pullum wonders, resentfully.,https://www.chronicle.com/blogs/linguafranca?p=5
352,https://www.chronicle.com/blogs/linguafranca/2018/10/11/pure-gold-buried-long-ago-in-the-book-review-columns/,Pure Gold, Buried Long Ago in the Book Review Columns,11 Oct 2018,2019-10-11,http://chronicle-brightspot.s3.amazonaws.com/61/87/39fd780c59a24ff3865ff69afcc6/hockett.png,charles f. hockett,Geoff Pullum recalls a prescient observation about the relations between language and psychology, lost seven decades ago in a place so obscure you would never have found it.,https://www.chronicle.com/blogs/linguafranca?p=5
351,https://www.chronicle.com/blogs/linguafranca/2018/10/01/whats-in-a-name-a-government-loses-a-national-referendum-over-an-adjective/,What’s in a Name? A Government Loses a National Referendum Over an Adjective,1 Oct 2018,2019-10-01,http://chronicle-brightspot.s3.amazonaws.com/a7/6e/b7c75ced31fed3d9528a303f0ee5/macedonian-region.png,macedonia map,A referendum to add “North” to a country’s name failed after its president called the renaming “historical suicide.” Geoff Pullum explains why that’s ridiculous.,https://www.chronicle.com/blogs/linguafranca?p=6
350,https://www.chronicle.com/blogs/linguafranca/2018/09/25/whats-the-fastest-growing-language-in-the-u-s-youll-never-guess/,What’s the Fastest-Growing Language in the U.S.? You’ll Never Guess,25 Sep 2018,2019-09-25,http://chronicle-brightspot.s3.amazonaws.com/00/85/61fd83749dd46f72a469b5772baa/dravidian-lgs.png,india map,Geoff Pullum reflects on its rapid spread, the significance of its language family to linguists, and some important speakers.,https://www.chronicle.com/blogs/linguafranca?p=6
349,https://www.chronicle.com/blogs/linguafranca/2018/09/20/nonsense-about-universal-translation-strictly-for-the-gullible/,Nonsense About Universal Translation, Strictly for the Gullible,20 Sep 2018,2019-09-20,http://chronicle-brightspot.s3.amazonaws.com/94/69/67973e054f3615427e2361436c7d/dolphin.jpg,dolphin,Geoff Pullum is optimistic about linguistics’ application for practical matters. So why do news outlets perpetuate crazy talk about translating animal language?,https://www.chronicle.com/blogs/linguafranca?p=6
348,https://www.chronicle.com/blogs/linguafranca/2018/09/10/the-cold-dead-hand-of-john-dryden/,How the Cold, Dead Hand of John Dryden Still Perpetuates Grammar Myths,10 Sep 2018,2019-09-10,http://chronicle-brightspot.s3.amazonaws.com/d0/f9/dcb3782c157fe11cf359a1058ca7/john-dryden.png,john dryden,The fiction about not ending sentences with a preposition can be traced back to the whims of one influential 17th-century writer, says Geoff Pullum. And that’s not all.,https://www.chronicle.com/blogs/linguafranca?p=7
347,https://www.chronicle.com/blogs/linguafranca/2018/09/05/merriam-webster-heal-thyself/,Merriam-Webster, Heal Thyself!,5 Sep 2018,2019-09-05,http://chronicle-brightspot.s3.amazonaws.com/c1/7c/cfb8fd4750171771c04b6866eac9/merriam.jpg,merriam-webster,Is it “a number of X are” or “a number of X is”? It depends. Geoff Pullum discovers that Merriam-Webster’s Concise Dictionary of English Usage will not help you decide.,https://www.chronicle.com/blogs/linguafranca?p=8
346,https://www.chronicle.com/blogs/linguafranca/2018/08/26/the-perennial-difficulty-of-defining-what-descriptive-means-in-grammar/,The Perennial Difficulty of Defining What ‘Descriptive’ Means in Grammar,26 Aug 2018,2019-08-26,http://chronicle-brightspot.s3.amazonaws.com/40/4b/4a3b262a56ad7eebaf34ca337aff/grandmaster-contemporary-summerhouse-m01.jpg,summerhouse,Geoff Pullum is locked in an intractable dispute with a colleague about whether so-called descriptive work on English grammar is in fact prescriptivism in sheep’s clothing.,https://www.chronicle.com/blogs/linguafranca?p=8
345,https://www.chronicle.com/blogs/linguafranca/2018/08/21/chinese-among-high-school-seniors-and-in-the-movies/,Chinese Among High-School Seniors (and in the Movies),21 Aug 2018,2019-08-21,http://chronicle-brightspot.s3.amazonaws.com/40/95/d6ac922e2fc9fe56c3df1e31c040/statham-and-bingbing.png,jason statham,Mandarin is overtaking German among college-bound high-school seniors. Geoff Pullum reflects on what that might mean, and what the job prospects are.,https://www.chronicle.com/blogs/linguafranca?p=9
344,https://www.chronicle.com/blogs/linguafranca/2018/08/16/learning-useless-english-grammar-in-japan/,Learning Useless English Grammar in Japan,16 Aug 2018,2019-08-16,http://chronicle-brightspot.s3.amazonaws.com/ca/da/6750fe166c968748b74e7751204d/teachingenglishinjapan.jpg,japan blackboard,A teacher of English sends Geoff Pullum some puzzling exam questions on an arcane corner of grammar. Japanese students are not just drilled on such sentences, he finds, but examined on them in crucial university admission tests.,https://www.chronicle.com/blogs/linguafranca?p=9
343,https://www.chronicle.com/blogs/linguafranca/2018/08/06/avoiding-false-titles-how-some-news-publications-try-not-to-sound-like-other-news-publications/,Avoiding ‘False Titles’: How Some News Publications Try Not to Sound Like News Publications,6 Aug 2018,2019-08-06,http://chronicle-brightspot.s3.amazonaws.com/41/6d/aa0f5ef9752edba8f130b64b73f1/da-vinci-code-e6e178b8-5c1b-11e7-ad31-8e588690cd15.jpg,tom hanks,Geoff Pullum enlists Lane Greene of The Economist to explain why the magazine insists on using explanatory phrases, as in “Uber, a ride-hailing company,” instead.,https://www.chronicle.com/blogs/linguafranca?p=10
342,https://www.chronicle.com/blogs/linguafranca/2018/08/01/the-grammar-of-the-adjective-is-not-whats-wrong-with-illegal-alien/,The Grammar of the Adjective Is Not What’s Wrong With ‘Illegal Alien’,1 Aug 2018,2019-08-01,http://chronicle-brightspot.s3.amazonaws.com/6f/82/82fd3e3bd878e7cad11525ee51d4/melanija-knavs.jpg,illegal alien,The Justice Department’s order that undocumented people should be called illegal aliens smacks of Newspeak but is linguistically unobjectionable. What’s nasty is the attitude behind it.,https://www.chronicle.com/blogs/linguafranca?p=10
341,https://www.chronicle.com/blogs/linguafranca/2018/07/25/whats-an-anti-semite-it-depends-on-which-politician-you-ask/,What’s an Anti-Semite? It Depends on Which Politician You Ask,25 Jul 2018,2019-07-25,http://chronicle-brightspot.s3.amazonaws.com/9f/00/5850b40e3a6cce12e830a519c7b2/gettyimages-98894080.jpg,Margaret Hodge,Can lexicography help solve political disputes about who is or isn’t anti-Semitic? Geoff Pullum doesn’t think so.,https://www.chronicle.com/blogs/linguafranca?p=10
340,https://www.chronicle.com/blogs/linguafranca/2018/07/17/writing-on-philosophy-its-not-rocket-science-its-more-complicated-than-that/,Writing on Philosophy: It’s Not Rocket Science. It’s More Complicated Than That.,17 Jul 2018,2019-07-17,http://chronicle-brightspot.s3.amazonaws.com/68/b8/835faf17d45926c0f8cf7129b875/philosphy-of-language.jpg,philosphy,Geoff Pullum tackles a perfectly formed yet extraordinarily complex and demanding sentence from a recent text. Can he wrestle it into simpler form?,https://www.chronicle.com/blogs/linguafranca?p=11
339,https://www.chronicle.com/blogs/linguafranca/2018/07/12/friendly-communication-across-supposed-language-barriers/,Friendly Communication Across Supposed Language Barriers,12 Jul 2018,2019-07-12,http://chronicle-brightspot.s3.amazonaws.com/4d/65/93f938e7aae0d8c5a87f3eb59f29/centralmosque.jpg,ed mosque,A conversation in a neighborhood shop reminds Geoff Pullum that despite the hostility between India and Pakistan, spoken Hindi and Urdu are almost identical.,https://www.chronicle.com/blogs/linguafranca?p=11
338,https://www.chronicle.com/blogs/linguafranca/2018/07/02/the-triumph-and-tragedy-of-oscar-wilde/,The Triumph and Tragedy of Oscar Wilde,2 Jul 2018,2019-07-02,http://chronicle-brightspot.s3.amazonaws.com/33/10/2cab5b264228a4639568c653f635/oscar-wilde-2.jpg,oscar wilde,A London performance of An Ideal Husband prompts Geoff Pullum to reflect on all that has changed, 120 years too late for the playwright, since its debut.,https://www.chronicle.com/blogs/linguafranca?p=12
337,https://www.chronicle.com/blogs/linguafranca/2018/06/27/koko-is-dead-but-the-myth-of-her-linguistic-skills-lives-on/,Koko Is Dead, but the Myth of Her Linguistic Skills Lives On,27 Jun 2018,2019-06-27,http://chronicle-brightspot.s3.amazonaws.com/da/fb/25fa4567491bab7c848f64525a91/screen-shot-2018-06-27-at-12-23-31-pm.png,koko,Despite people’s wishful thinking, the famous gorilla did not master sign language, writes Geoff Pullum, but was producing random signs, notably in situation-bound efforts to get food from her trainer.,https://www.chronicle.com/blogs/linguafranca?p=12
336,https://www.chronicle.com/blogs/linguafranca/2018/06/20/strunk-at-100-a-centennial-not-to-celebrate/,Strunk at 100: A Centennial Not to Celebrate,20 Jun 2018,2019-06-20,http://chronicle-brightspot.s3.amazonaws.com/96/d4/cfb09330710fb2d6a1f1e6bad9d0/strunkatbartleby.jpg,bartleyby.com,Geoff Pullum argues that professors should stop sending students to a thoroughly outdated writing guide — and cites some alternatives.,https://www.chronicle.com/blogs/linguafranca?p=13
335,https://www.chronicle.com/blogs/linguafranca/2018/06/13/another-conquest-by-the-language-that-is-eating-the-world/,Another Conquest by the Language That Is Eating the World,13 Jun 2018,2019-06-13,http://chronicle-brightspot.s3.amazonaws.com/36/4b/39a60e18dfe58e1e20d5b0d768d8/flags2.png,uk & nl flags,In the Netherlands, colleges are expanding their enrollments by offering courses in English, says Geoff Pullum.,https://www.chronicle.com/blogs/linguafranca?p=13
334,https://www.chronicle.com/blogs/linguafranca/2018/06/07/infinitives-can-be-split-grammar-conservatives-face-the-shock/,Infinitives Can Be Split: Grammar Conservatives Face the Shock,7 Jun 2018,2019-09-07,http://chronicle-brightspot.s3.amazonaws.com/97/df/d085422d94f13d0c4f96be077def/the-enterprise.jpg,starship,Geoff Pullum examines the reaction in the letters column to a recent surprising announcement by The Economist. Could Lingua Franca have helped strengthen the magazine’s resolve?,https://www.chronicle.com/blogs/linguafranca?p=14
333,https://www.chronicle.com/blogs/linguafranca/2018/05/27/amazons-alexa-not-yet-as-smart-as-a-5-year-old-child/,Amazon’s Alexa: Not Yet as Smart as a 5-Year-Old Child,27 May 2018,2018-05-27,http://chronicle-brightspot.s3.amazonaws.com/5f/63/de754c38cba5c4793eef1989f910/listening.png,xkcd alexa,Geoff Pullum says natural-language processing is not ready for prime time, much less Amazon Prime.,https://www.chronicle.com/blogs/linguafranca?p=15
332,https://www.chronicle.com/blogs/linguafranca/2018/05/20/the-israelpalestine-dispute-is-ill-served-by-uninformed-grammar-nitpicking/,The Israel/Palestine Dispute Is Ill-Served by Uninformed Grammar Nitpicking,20 May 2018,2018-05-20,,,Ethno-geopolitical affairs in the Middle East are complex, says Geoff Pullum. We do neither side any favors by discussing the tragic maelstrom of hostilities through ignorant quibbles about language.,https://www.chronicle.com/blogs/linguafranca?p=15
331,https://www.chronicle.com/blogs/linguafranca/2018/05/13/hello-google-duplex-no-artificially-intelligent-calls-please/,Hello, Google Duplex? No Artificially Intelligent Calls, Please,13 May 2018,2018-05-13,http://chronicle-brightspot.s3.amazonaws.com/d0/57/2b0a68d664d61b406bf90d934170/screen-shot-2018-05-11-at-2-37-52-pm-copy.jpg,early robot,Geoff Pullum, examining a new development in artificial intelligence, decides that he’s inclined to continue making his own phone calls.,https://www.chronicle.com/blogs/linguafranca?p=16
330,https://www.chronicle.com/blogs/linguafranca/2018/05/08/fish-cheese-and-gossip-2000-years-of-snobbery-in-the-suffix-%E2%80%91monger/,Fish, Cheese, and Gossip: 2,000 Years of Snobbery in the Suffix ‘-Monger’,8 May 2018,2018-05-08,http://chronicle-brightspot.s3.amazonaws.com/af/1a/007b5d9c786a6716f1a0ed68b280/costard-apples.png,costard apples,Geoff Pullum detects more than a hint of millennia-old bias in words like warmonger.,https://www.chronicle.com/blogs/linguafranca?p=16
329,https://www.chronicle.com/blogs/linguafranca/2018/05/02/watergate-weinergate-and-windrush-the-naming-of-political-scandals/,Watergate, Weinergate, and Windrush: the Naming of Political Scandals,2 May 2018,2018-05-02,http://chronicle-brightspot.s3.amazonaws.com/18/a2/4f825b40a4780e0b31b73e252f6b/windrush.jpg,windrush,Geoff Pullum tracks some of the word-formation processes involved in the coining of names for new media firestorms.,https://www.chronicle.com/blogs/linguafranca?p=16
328,https://www.chronicle.com/blogs/linguafranca/2018/04/23/emoji-are-ruining-grasp-of-english-says-dumbest-language-story-of-the-week/,Emoji Are Ruining Grasp of English, Says Dumbest Language Story of the Week,23 Apr 2018,2018-04-23,http://chronicle-brightspot.s3.amazonaws.com/ca/77/da6cb4a34312aa3123db4d3e953b/emoji.jpg,emoji,Poppycock, says Geoff Pullum. Dropping the occasional pictograph into their prose is not going to strip people of the capacity to form sentences.,https://www.chronicle.com/blogs/linguafranca?p=17
327,https://www.chronicle.com/blogs/linguafranca/2018/04/18/can-you-explain-what-a-shibboleth-is/,Can You Explain What a Shibboleth Is?,18 Apr 2018,2018-04-18,http://chronicle-brightspot.s3.amazonaws.com/ce/3f/45ffd6722b8909377ab52bf958ef/ephraim-map.jpg,old israel map,Hearing BBC Radio use the word incorrectly, Geoff Pullum examines its Hebrew etymology and ancient history.,https://www.chronicle.com/blogs/linguafranca?p=17
326,https://www.chronicle.com/blogs/linguafranca/2018/04/08/copy-editing-and-proofreading-a-book-it-takes-a-village/,Copy Editing and Proofreading a Book: It Takes a Village,8 Apr 2018,2018-04-08,http://chronicle-brightspot.s3.amazonaws.com/a8/a4/8abab6cf6bd30a816660f169e99e/village.png,takes a village,Geoff Pullum tackles the editing and proofing of a short book on why linguistics matters, and is glad he wasn’t trying to do it alone.,https://www.chronicle.com/blogs/linguafranca?p=18
325,https://www.chronicle.com/blogs/linguafranca/2018/04/03/the-problem-with-the-ban-on-there-are-constructions/,The Problem with the Ban on ‘There Are’ Constructions,3 Apr 2018,2018-04-03,http://chronicle-brightspot.s3.amazonaws.com/97/e3/9c1e2c350e3f1f2bfebab9ee0e95/expletivedeleted.png,expletive t-shirt,Geoff Pullum wonders why usage advisers are so determined to get us to stop writing “there is” and “there are.” Some existentials (as clauses with those expressions are called) can’t be gracefully rephrased.,https://www.chronicle.com/blogs/linguafranca?p=18
324,https://www.chronicle.com/blogs/linguafranca/2018/03/29/ambiguous-adjectives-and-unqualified-lesbians/,Ambiguous Adjectives and Unqualified Lesbians,29 Mar 2018,2018-03-29,http://chronicle-brightspot.s3.amazonaws.com/2a/f4/c32c1ca77a55362dc194ee7fb005/gettyimages-115291531.jpg,cynthia nixon,Geoff Pullum analyzes the subtle semantic underpinning of Cynthia Nixon’s amusing “unqualified lesbian” quip.,https://www.chronicle.com/blogs/linguafranca?p=19
323,https://www.chronicle.com/blogs/linguafranca/2018/03/19/the-adverb-that-killed-a-friendship/,The Adverb That Killed a Friendship,19 Mar 2018,2018-03-19,http://chronicle-brightspot.s3.amazonaws.com/3c/60/8d3f59a1af85166347a5e8ca7f29/screen-shot-2018-03-19-at-3-46-56-pm.png,just definition,Geoff Pullum watched as a monosyllabic, unstressed adverb terminated a neighborly relationship.,https://www.chronicle.com/blogs/linguafranca?p=19
322,https://www.chronicle.com/blogs/linguafranca/2018/03/14/taleb-on-pinker-neologism-and-bile/,Taleb on Pinker: Neologism and Bile,14 Mar 2018,2018-03-14,http://chronicle-brightspot.s3.amazonaws.com/c9/d8/112d189881479d9cb02b08bb72df/taleb-mug.jpg,nassim taleb,Having browsed the latest books by each of these two noted public intellectuals, Geoff Pullum reaches a decision.,https://www.chronicle.com/blogs/linguafranca?p=20
321,https://www.chronicle.com/blogs/linguafranca/2018/03/06/spam-driven-pollution-of-academic-communication/,Spam-Driven Pollution of Academic Communication,6 Mar 2018,2018-03-06,http://chronicle-brightspot.s3.amazonaws.com/55/df/e60526acb497e8c8d9981c22eb10/spamshot.png,spam,Geoff Pullum argues that spam invitations to junk journals and concocted conferences are not just annoying; they do actual harm.,https://www.chronicle.com/blogs/linguafranca?p=20
320,https://www.chronicle.com/blogs/linguafranca/2018/03/01/the-fictional-possessives-with-gerunds-rule/,The Fictional Possessives-With-Gerunds Rule,1 Mar 2018,,,,,https://www.chronicle.com/blogs/linguafranca?p=
319,https://www.chronicle.com/blogs/linguafranca/2018/02/25/when-but-means-that-not/,When ‘But’ Means ‘That ... Not’,25 Feb 2018,,,,,https://www.chronicle.com/blogs/linguafranca?p=
318,https://www.chronicle.com/blogs/linguafranca/2018/02/12/no-overtime-pay-for-milk-truck-drivers-or-professors/,No Overtime Pay for Milk-Truck Drivers (or Professors),12 Feb 2018,,,,,https://www.chronicle.com/blogs/linguafranca?p=
317,https://www.chronicle.com/blogs/linguafranca/2018/02/07/talking-killer-whales-only-a-journalist-could-believe-it/,Talking Killer Whales? Gullible Science Journalists More Likely,7 Feb 2018,,,,,https://www.chronicle.com/blogs/linguafranca?p=
316,https://www.chronicle.com/blogs/linguafranca/2018/01/28/negative-or-positive-answer-a-or-b/,Negative or Positive? Answer (a) or (b),28 Jan 2018,,,,,https://www.chronicle.com/blogs/linguafranca?p=
315,https://www.chronicle.com/blogs/linguafranca/2018/01/23/bonehead-guidance-for-would-be-novelists/,Bonehead Guidance for Would-Be Novelists,23 Jan 2018,,,,,https://www.chronicle.com/blogs/linguafranca?p=
314,https://www.chronicle.com/blogs/linguafranca/2018/01/18/punctuate-punctuate-punctuate/,Punctuate, Punctuate; Punctuate!,18 Jan 2018,,,,,https://www.chronicle.com/blogs/linguafranca?p=
313,https://www.chronicle.com/blogs/linguafranca/2018/01/11/a-foreign-way-which-never-really-caught-on/,‘A Foreign Way Which Never Really Caught On’,12 Jan 2018,,,,,https://www.chronicle.com/blogs/linguafranca?p=
312,https://www.chronicle.com/blogs/linguafranca/2017/12/29/the-boy-from-the-isle-of-man/,The Boy from the Isle of Man,29 Dec 2017,,,,,https://www.chronicle.com/blogs/linguafranca?p=
311,https://www.chronicle.com/blogs/linguafranca/2017/12/19/its-the-wine-talking/,It’s the Wine Talking,19 Dec 2017,,,,,https://www.chronicle.com/blogs/linguafranca?p=
310,https://www.chronicle.com/blogs/linguafranca/2017/12/14/the-fine-line-between-errors-and-dialect-differences/,The Fine Line Between Errors and Dialect Differences,14 Dec 2017,,,,,https://www.chronicle.com/blogs/linguafranca?p=
309,https://www.chronicle.com/blogs/linguafranca/2017/12/04/the-man-who-hated-relativism/,The Man Who Hated Relativism,4 Dec 2017,,,,,https://www.chronicle.com/blogs/linguafranca?p=
308,https://www.chronicle.com/blogs/linguafranca/2017/11/29/the-unmentionable-topic-of-edinburgh-weather/,The Unmentionable Topic of Edinburgh Weather,29 Nov 2017,,,,,https://www.chronicle.com/blogs/linguafranca?p=
307,https://www.chronicle.com/blogs/linguafranca/2017/11/21/answering-a-question-with-a-question/,Answering a Question with a Question,21 Nov 2017,,,,,https://www.chronicle.com/blogs/linguafranca?p=
306,https://www.chronicle.com/blogs/linguafranca/2017/11/15/the-right-to-tell-people-what-they-do-not-want-to-hear/,The Right to Tell People What They Do Not Want to Hear,15 Nov 2017,,,,,https://www.chronicle.com/blogs/linguafranca?p=
305,https://www.chronicle.com/blogs/linguafranca/2017/11/05/final-preposition-terror/,Final-Preposition Terror,5 Nov 2017,,,,,https://www.chronicle.com/blogs/linguafranca?p=
304,https://www.chronicle.com/blogs/linguafranca/2017/11/01/the-ballad-of-bentley-and-craig/,The Ballad of Bentley and Craig,2 Nov 2017,,,,,https://www.chronicle.com/blogs/linguafranca?p=
303,https://www.chronicle.com/blogs/linguafranca/2017/10/26/buzzfeed-has-style-too/,BuzzFeed Has Style Too,26 Oct 2017,,,,,https://www.chronicle.com/blogs/linguafranca?p=
302,https://www.chronicle.com/blogs/linguafranca/2017/10/15/the-strange-language-of-harvey-weinsteins-denial/,The Strange Language of Harvey Weinstein’s Denial,15 Oct 2017,,,,,https://www.chronicle.com/blogs/linguafranca?p=
301,https://www.chronicle.com/blogs/linguafranca/2017/10/11/300-up-still-getting-it-wrong/,300 Up, Stil Getting It Wrong,11 Oct 2017,,,,,https://www.chronicle.com/blogs/linguafranca?p=
300,https://www.chronicle.com/blogs/linguafranca/2017/10/01/on-the-ropes-at-radio-london/,On the Ropes at Radio London,1 Oct 2017,,,,,https://www.chronicle.com/blogs/linguafranca?p=
299,https://www.chronicle.com/blogs/linguafranca/2017/09/28/the-subtle-art-of-english-ethnic-slurs/,The Subtle Art of English Ethnic Slurs,28 Sep 2017,,,,,https://www.chronicle.com/blogs/linguafranca?p=
298,https://www.chronicle.com/blogs/linguafranca/2017/09/20/unapplied-linguistics/,Unapplied Linguistics,20 Sep 2017,,,,,https://www.chronicle.com/blogs/linguafranca?p=
297,https://www.chronicle.com/blogs/linguafranca/2017/09/11/its-not-a-litmus-test/,It’s Not a Litmus Test,11 Sep 2017,,,,,https://www.chronicle.com/blogs/linguafranca?p=
296,https://www.chronicle.com/blogs/linguafranca/2017/09/06/a-philosopher-grammarian-gets-something-right/,A Philosopher-Grammarian Gets Something Right,6 Sep 2017,,,,,https://www.chronicle.com/blogs/linguafranca?p=
295,https://www.chronicle.com/blogs/linguafranca/2017/08/27/bogus-advice-for-op-ed-authors/,Bogus Advice for Op-Ed Authors,27 Aug 2017,,,,,https://www.chronicle.com/blogs/linguafranca?p=
294,https://www.chronicle.com/blogs/linguafranca/2017/08/22/plain-talk-about-public-murder/,Plain Talk About Public Murder,22 Aug 2017,,,,,https://www.chronicle.com/blogs/linguafranca?p=
293,https://www.chronicle.com/blogs/linguafranca/2017/08/17/didnt-know-i-would-really-go/,Didn’t Know I Would Really Go,17 Aug 2017,,,,,https://www.chronicle.com/blogs/linguafranca?p=
292,https://www.chronicle.com/blogs/linguafranca/2017/08/07/robots-gossiping-in-a-secret-language/,Robots Gossiping in a Secret Language?,7 Aug 2017,2018-03-,,,,https://www.chronicle.com/blogs/linguafranca?p=21
291,https://www.chronicle.com/blogs/linguafranca/2017/08/02/back-to-the-real-world/,Back to the Real World,2 Aug 2017,,,,,https://www.chronicle.com/blogs/linguafranca?p=
290,https://www.chronicle.com/blogs/linguafranca/2017/07/23/being-a-determinative/,Being a Determinative,23 Jul 2017,,,,,https://www.chronicle.com/blogs/linguafranca?p=
289,https://www.chronicle.com/blogs/linguafranca/2017/07/17/the-americans-have-no-adverbs/,‘The Americans Have No Adverbs’,17 Jul 2017,,,,,https://www.chronicle.com/blogs/linguafranca?p=
288,https://www.chronicle.com/blogs/linguafranca/2017/07/12/the-much-needed-gap/,The Much-Needed Gap,12 Jul 2017,,,,,https://www.chronicle.com/blogs/linguafranca?p=
287,https://www.chronicle.com/blogs/linguafranca/2017/06/27/english-grammar-day/,English Grammar Day,27 Jun 2017,,,,,https://www.chronicle.com/blogs/linguafranca?p=
286,https://www.chronicle.com/blogs/linguafranca/2017/06/22/worst-sentence-ever-seen-in-academic-prose/,Worst Sentence Ever Seen in Academic Prose,22 Jun 2017,,,,,https://www.chronicle.com/blogs/linguafranca?p=
285,https://www.chronicle.com/blogs/linguafranca/2017/06/12/of-cadillacs-and-prairie-dogs/,Of Cadillacs and Prairie Dogs,12 Jun 2017,,,,,https://www.chronicle.com/blogs/linguafranca?p=
284,https://www.chronicle.com/blogs/linguafranca/2017/06/04/why-wont-they-heed-plain-facts/,Why Won’t They Heed Plain Facts?,4 Jun 2017,,,,,https://www.chronicle.com/blogs/linguafranca?p=
283,https://www.chronicle.com/blogs/linguafranca/2017/05/23/dracula-strunk-and-correct-english-usage/,Dracula, Strunk, and Correct English Usage,23 May 2017,,,,,https://www.chronicle.com/blogs/linguafranca?p=
282,https://www.chronicle.com/blogs/linguafranca/2017/05/14/being-a-declarative/,Being a Declarative (or Interrogative, or Imperative, or Exclamative),14 May 2017,,,,,https://www.chronicle.com/blogs/linguafranca?p=
281,https://www.chronicle.com/blogs/linguafranca/2017/05/08/the-importance-of-being-a-prince/,The Importance of Being a Prince,8 May 2017,,,,,https://www.chronicle.com/blogs/linguafranca?p=
280,https://www.chronicle.com/blogs/linguafranca/2017/05/03/grammar-blunders-and-journalistic-discourtesy/,Grammar Blunders and Journalistic Discourtesy,3 May 2017,,,,,https://www.chronicle.com/blogs/linguafranca?p=
279,https://www.chronicle.com/blogs/linguafranca/2017/04/23/the-risky-business-of-deadpan-humor/,The Risky Business of Deadpan Humor,23 Apr 2017,,,,,https://www.chronicle.com/blogs/linguafranca?p=
278,https://www.chronicle.com/blogs/linguafranca/2017/04/18/adverbs-and-united-airlines/,Adverbs and United Airlines,18 Apr 2017,,,,,https://www.chronicle.com/blogs/linguafranca?p=
277,https://www.chronicle.com/blogs/linguafranca/2017/04/13/the-many-first-rules-of-politics/,The Many First Rules of Politics,13 Apr 2017,,,,,https://www.chronicle.com/blogs/linguafranca?p=
276,https://www.chronicle.com/blogs/linguafranca/2017/04/03/the-worlds-greatest-grammarian/,The World’s Greatest Grammarian,03 Apr 2017,,,,,https://www.chronicle.com/blogs/linguafranca?p=
275,https://www.chronicle.com/blogs/linguafranca/2017/03/28/the-team-sat-in-its-hotel-drinking-its-beers/,The Team Sat in Its Hotel Drinking Its Beers,28 Mar 2017,,,,,https://www.chronicle.com/blogs/linguafranca?p=
274,https://www.chronicle.com/blogs/linguafranca/2017/03/23/a-brown-eyed-handsome-man/,A Brown Eyed Handsome Man,24 Mar 2017,,,,,https://www.chronicle.com/blogs/linguafranca?p=
273,https://www.chronicle.com/blogs/linguafranca/2017/03/13/word-processing-hell/,Word-Processing Misery,13 Mar 2017,2017-03-13,http://chronicle-brightspot.s3.amazonaws.com/f8/47/cccf90d0f2f6f15ed10b56546296/8d4613c8eea3bfee4d27a56b2543509b.jpg,john cleese,Geoff Pullum bemoans the cruel fate that has dragged him away from linguistics and into realms like file conversion software.,https://www.chronicle.com/blogs/linguafranca?p=45
272,https://www.chronicle.com/blogs/linguafranca/2017/03/08/data-mining-for-personally-targeted-politics/,Data Mining for Personally Targeted Politics,8 Mar 2017,,,,,https://www.chronicle.com/blogs/linguafranca?p=
271,https://www.chronicle.com/blogs/linguafranca/2017/02/26/once-more-into-the-fray-pluto-and-ixion-among-others/,Once More Into the Fray, Pluto (and Ixion, Among Others),27 Feb 2017,,,,,https://www.chronicle.com/blogs/linguafranca?p=
270,https://www.chronicle.com/blogs/linguafranca/2017/02/21/still-looking-for-a-triple/,Still Looking for a Triple,21 Feb 2017,,,,,https://www.chronicle.com/blogs/linguafranca?p=
269,https://www.chronicle.com/blogs/linguafranca/2017/02/16/for-want-of-a-copyeditor-the-sense-was-lost/,For Want of a Copy Editor the Sense Was Lost,16 Feb 2017,,,,,https://www.chronicle.com/blogs/linguafranca?p=
268,https://www.chronicle.com/blogs/linguafranca/2017/02/06/how-not-to-teach-chinese/,How Not to Teach Chinese,6 Feb 2017,,,,,https://www.chronicle.com/blogs/linguafranca?p=
267,https://www.chronicle.com/blogs/linguafranca/2017/02/02/when-two-negatives-dont-make-a-positive/,When Two Negatives Don’t Make a Positive,2 Feb 2017,,,,,https://www.chronicle.com/blogs/linguafranca?p=
266,https://www.chronicle.com/blogs/linguafranca/2017/01/24/recovering-my-heritage/,Recovering My Heritage,26 Jan 2017,,,,,https://www.chronicle.com/blogs/linguafranca?p=
265,https://www.chronicle.com/blogs/linguafranca/2017/01/17/agency-style-for-your-eyes-only/,Agency Style, For Your Eyes Only,17 Jan 2017,,,,,https://www.chronicle.com/blogs/linguafranca?p=
264,https://www.chronicle.com/blogs/linguafranca/2017/01/11/decrying-dialects-and-despising-speakers/,Decrying Dialects and Despising Speakers,11 Jan 2017,,,,,https://www.chronicle.com/blogs/linguafranca?p=
263,https://www.chronicle.com/blogs/linguafranca/2017/01/05/if-only-i-could-tell-you/,If Only I Could Tell You,6 Jan 2017,,,,,https://www.chronicle.com/blogs/linguafranca?p=
262,https://www.chronicle.com/blogs/linguafranca/2016/12/18/where-are-the-happiness-boys/,Where Are the Happiness Boys?,19 Dec 2016,,,,,https://www.chronicle.com/blogs/linguafranca?p=
261,https://www.chronicle.com/blogs/linguafranca/2016/12/13/make-american-accents-great-again/,Make American Accents Great Again,13 Dec 2016,,,,,https://www.chronicle.com/blogs/linguafranca?p=
260,https://www.chronicle.com/blogs/linguafranca/2016/12/06/for-want-of-an-oxford-comma/,For Want of an Oxford Comma,6 Dec 2016,,,,,https://www.chronicle.com/blogs/linguafranca?p=
259,https://www.chronicle.com/blogs/linguafranca/2016/11/28/arrival-just-say-yes/,Arrival: Just Say Yes,28 Nov 2016,,,,,https://www.chronicle.com/blogs/linguafranca?p=
258,https://www.chronicle.com/blogs/linguafranca/2016/11/13/the-unoriginality-of-orwells-critique-of-language/,The Unoriginality of Orwell’s Critique of Language,13 Nov 2016,,,,,https://www.chronicle.com/blogs/linguafranca?p=
257,https://www.chronicle.com/blogs/linguafranca/2016/11/09/sexual-abuse-gangs-and-racism/,Sexual-Abuse Gangs and Racism,9 Nov 2016,,,,,https://www.chronicle.com/blogs/linguafranca?p=
256,https://www.chronicle.com/blogs/linguafranca/2016/11/03/witticisms-plagiarism-and-language-history/,Witticisms, Plagiarism, and Language History,3 Nov 2016,,,,,https://www.chronicle.com/blogs/linguafranca?p=
255,https://www.chronicle.com/blogs/linguafranca/2016/10/24/an-ill-wind-that-no-one-blows-good/,An Ill Wind That No One Blows Good,24 Oct 2016,,,,,https://www.chronicle.com/blogs/linguafranca?p=
254,https://www.chronicle.com/blogs/linguafranca/2016/10/20/orgies-convoys-and-precision-in-word-meanings/,Orgies, Convoys, and Precision in Word Meanings,20 Oct 2016,,,,,https://www.chronicle.com/blogs/linguafranca?p=
253,https://www.chronicle.com/blogs/linguafranca/2016/10/10/the-internet-isnt-changing-english-nor-the-converse/,The Internet Isn’t Changing English. Nor the Converse,10 Oct 2016,,,,,https://www.chronicle.com/blogs/linguafranca?p=
252,https://www.chronicle.com/blogs/linguafranca/2016/10/04/the-anglophone-millstone/,The Anglophone Millstone,4 Oct 2016,,,,,https://www.chronicle.com/blogs/linguafranca?p=
251,https://www.chronicle.com/blogs/linguafranca/2016/09/29/to-seek-out-new-vowels/,To Seek Out New Vowels...,29 Sep 2016,,,,,https://www.chronicle.com/blogs/linguafranca?p=
250,https://www.chronicle.com/blogs/linguafranca/2016/09/20/mensiversaries/,Mensiversaries,20 Sep 2016,,,,,https://www.chronicle.com/blogs/linguafranca?p=
249,https://www.chronicle.com/blogs/linguafranca/2016/09/12/a-postcard-from-brno/,A Postcard from Brno,12 Sep 2016,,,,,https://www.chronicle.com/blogs/linguafranca?p=
248,https://www.chronicle.com/blogs/linguafranca/2016/09/06/the-two-voices-of-trump/,The Two Voices of Trump,6 Sep 2016,,,,,https://www.chronicle.com/blogs/linguafranca?p=
247,https://www.chronicle.com/blogs/linguafranca/2016/08/31/foul-things-of-the-night/,Foul Things of the Night,31 Aug 2016,,,,,https://www.chronicle.com/blogs/linguafranca?p=
246,https://www.chronicle.com/blogs/linguafranca/2016/08/21/machine-to-human-communication-nobody-cares/,Machine-to-Human Communication: Nobody Cares,22 Aug 2016,,,,,https://www.chronicle.com/blogs/linguafranca?p=
245,https://www.chronicle.com/blogs/linguafranca/2016/08/15/the-linguistics-of-assassination-threats/,The Linguistics of Assassination Threats,15 Aug 2016,,,,,https://www.chronicle.com/blogs/linguafranca?p=
244,https://www.chronicle.com/blogs/linguafranca/2016/08/11/in-the-phonetic-jungle/,In the Phonetic Jungle,12 Aug 2016,,,,,https://www.chronicle.com/blogs/linguafranca?p=
243,https://www.chronicle.com/blogs/linguafranca/2016/08/01/reflections-on-the-trivium/,Reflections on the Trivium,1 Aug 2016,,,,,https://www.chronicle.com/blogs/linguafranca?p=
242,https://www.chronicle.com/blogs/linguafranca/2016/07/27/finger-pointing-trouble-saving-and-pussyfooting/,Finger-pointing, Trouble-saving, and Pussyfooting,27 Jul 2016,,,,,https://www.chronicle.com/blogs/linguafranca?p=
241,https://www.chronicle.com/blogs/linguafranca/2016/07/17/the-worlds-best-philosopher-of-linguistics/,The World’s Best Philosopher of Linguistics,17 Jul 2016,,,,,https://www.chronicle.com/blogs/linguafranca?p=
240,https://www.chronicle.com/blogs/linguafranca/2016/07/12/the-worst-form-of-government/,The Worst Form of Government,12 Jul 2016,,,,,https://www.chronicle.com/blogs/linguafranca?p=
239,https://www.chronicle.com/blogs/linguafranca/2016/07/07/being-an-auxiliary/,Being an Auxiliary,7 Jul 2016,,,,,https://www.chronicle.com/blogs/linguafranca?p=
238,https://www.chronicle.com/blogs/linguafranca/2016/06/27/linguification-thats-the-name-of-the-game/,Linguification: That’s the Name of the Game,27 Jun 2016,,,,,https://www.chronicle.com/blogs/linguafranca?p=
237,https://www.chronicle.com/blogs/linguafranca/2016/06/22/a-postcard-from-schleswig-holstein/,A Postcard from Schleswig-Holstein,23 Jun 2016,,,,,https://www.chronicle.com/blogs/linguafranca?p=
236,https://www.chronicle.com/blogs/linguafranca/2016/06/12/direct-objects-or-lack-thereof/,Direct Objects or Lack Thereof,13 Jun 2016,,,,,https://www.chronicle.com/blogs/linguafranca?p=
235,https://www.chronicle.com/blogs/linguafranca/2016/06/07/liars-and-snakes-plumbing-new-rhetorical-depths/,Liars and Snakes: Plumbing New Rhetorical Depths,7 Jun 2016,,,,,https://www.chronicle.com/blogs/linguafranca?p=
234,https://www.chronicle.com/blogs/linguafranca/2016/06/02/triciaisms/,Triciaisms,3 Jun 2016,,,,,https://www.chronicle.com/blogs/linguafranca?p=
233,https://www.chronicle.com/blogs/linguafranca/2016/05/23/syntactic-self-harm-in-st-jamess-street/,Syntactic Self-Harm on St James’s Street,23 May 2016,,,,,https://www.chronicle.com/blogs/linguafranca?p=
232,https://www.chronicle.com/blogs/linguafranca/2016/05/18/genderqueer-and-baconsphere/,‘Genderqueer’ and ‘Baconsphere’,18 May 2016,,,,,https://www.chronicle.com/blogs/linguafranca?p=
231,https://www.chronicle.com/blogs/linguafranca/2016/05/08/grammar-test-dispute-resolution/,Grammar-Test Dispute Resolution,8 May 2016,,,,,https://www.chronicle.com/blogs/linguafranca?p=
230,https://www.chronicle.com/blogs/linguafranca/2016/05/03/famous-women-banknotes-and-online-abuse/,Famous Women, Banknotes, and Online Abuse,3 May 2016,,,,,https://www.chronicle.com/blogs/linguafranca?p=
229,https://www.chronicle.com/blogs/linguafranca/2016/04/28/the-social-consequences-of-switching-to-english/,The Social Consequences of Switching to English,28 Apr 2016,,,,,https://www.chronicle.com/blogs/linguafranca?p=
228,https://www.chronicle.com/blogs/linguafranca/2016/04/18/correctincorrect-grammar-test-items/,Correct/Incorrect Grammar-Test Items,18 Apr 2016,,,,,https://www.chronicle.com/blogs/linguafranca?p=
227,https://www.chronicle.com/blogs/linguafranca/2016/04/13/let-us-edit-your-article/,Let Us Edit Your Article,13 Apr 2016,,,,,https://www.chronicle.com/blogs/linguafranca?p=
226,https://www.chronicle.com/blogs/linguafranca/2016/04/03/being-an-antecedent/,Being an Antecedent,3 Apr 2016,,,,,https://www.chronicle.com/blogs/linguafranca?p=
225,https://www.chronicle.com/blogs/linguafranca/2016/03/29/being-a-subjunctive/,Being a Subjunctive,29 Mar 2016,,,,,https://www.chronicle.com/blogs/linguafranca?p=
224,https://www.chronicle.com/blogs/linguafranca/2016/03/24/sentences-i-hope-never-to-use/,Sentences I Hope Never to Use,24 Mar 2016,,,,,https://www.chronicle.com/blogs/linguafranca?p=
223,https://www.chronicle.com/blogs/linguafranca/2016/03/09/scalias-linguistic-acumen/,Scalia’s Linguistic Acumen,10 Mar 2016,,,,,https://www.chronicle.com/blogs/linguafranca?p=
222,https://www.chronicle.com/blogs/linguafranca/2016/02/29/being-an-interjection/,Being an Interjection,1 Mar 2016,,,,,https://www.chronicle.com/blogs/linguafranca?p=
221,https://www.chronicle.com/blogs/linguafranca/2016/02/23/leaps-in-the-dark-the-discourse-of-brexit/,Leaps in the Dark: the Discourse of Brexit,24 Feb 2016,,,,,https://www.chronicle.com/blogs/linguafranca?p=
220,https://www.chronicle.com/blogs/linguafranca/2016/02/18/polysemy-and-maturity/,Polysemy and Maturity,18 Feb 2016,,,,,https://www.chronicle.com/blogs/linguafranca?p=
219,https://www.chronicle.com/blogs/linguafranca/2016/02/11/to-co-author-or-not-to-co-author/,To Co-Author, or Not to Co-Author?,12 Feb 2016,,,,,https://www.chronicle.com/blogs/linguafranca?p=
218,https://www.chronicle.com/blogs/linguafranca/2016/02/03/tricia/,Tricia,4 Feb 2016,,,,,https://www.chronicle.com/blogs/linguafranca?p=
217,https://www.chronicle.com/blogs/linguafranca/2016/01/24/they-will-never-forget-you/,They Will Never Forget You...,25 Jan 2016,,,,,https://www.chronicle.com/blogs/linguafranca?p=
216,https://www.chronicle.com/blogs/linguafranca/2016/01/20/the-awful-chinese-writing-system/,The Awful Chinese Writing System,21 Jan 2016,,,,,https://www.chronicle.com/blogs/linguafranca?p=
215,https://www.chronicle.com/blogs/linguafranca/2016/01/14/grown-ups-deserve-better/,Grown-Ups Deserve Better,14 Jan 2016,,,,,https://www.chronicle.com/blogs/linguafranca?p=
214,https://www.chronicle.com/blogs/linguafranca/2016/01/04/the-quiet-certainty-of-antedating/,The Quiet Certainty of Antedating,5 Jan 2016,,,,,https://www.chronicle.com/blogs/linguafranca?p=
213,https://www.chronicle.com/blogs/linguafranca/2015/12/13/the-footprints-of-a-gigantic-hound/,The Footprints of a Gigantic Hound,14 Dec 2015,,,,,https://www.chronicle.com/blogs/linguafranca?p=
212,https://www.chronicle.com/blogs/linguafranca/2015/12/08/people-of-color/,‘People of Color’,8 Dec 2015,,,,,https://www.chronicle.com/blogs/linguafranca?p=
211,https://www.chronicle.com/blogs/linguafranca/2015/12/03/english-and-its-undeserved-good-luck/,English and Its Undeserved Good Luck,3 Dec 2015,,,,,https://www.chronicle.com/blogs/linguafranca?p=
210,https://www.chronicle.com/blogs/linguafranca/2015/11/23/the-unsuitability-of-english/,The Unsuitability of English,24 Nov 2015,,,,,https://www.chronicle.com/blogs/linguafranca?p=
209,https://www.chronicle.com/blogs/linguafranca/2015/11/15/a-postcard-from-bilbao/,A Postcard from Bilbao,16 Nov 2015,,,,,https://www.chronicle.com/blogs/linguafranca?p=
208,https://www.chronicle.com/blogs/linguafranca/2015/11/08/prepositions-as-conjunctions-whales-as-fish/,Prepositions as Conjunctions, Whales as Fish,9 Nov 2015,,,,,https://www.chronicle.com/blogs/linguafranca?p=
207,https://www.chronicle.com/blogs/linguafranca/2015/11/03/only-in-the-right-position/,Only in the Right Position,4 Nov 2015,,,,,https://www.chronicle.com/blogs/linguafranca?p=
206,https://www.chronicle.com/blogs/linguafranca/2015/10/26/evasive-passives-in-texas/,Evasive Passives in Texas,27 Oct 2015,,,,,https://www.chronicle.com/blogs/linguafranca?p=
205,https://www.chronicle.com/blogs/linguafranca/2015/10/21/being-a-pronoun/,Being a Pronoun,22 Oct 2015,,,,,https://www.chronicle.com/blogs/linguafranca?p=
204,https://www.chronicle.com/blogs/linguafranca/2015/10/11/saying-the-in-german/,Saying ‘the’ in German,11 Oct 2015,,,,,https://www.chronicle.com/blogs/linguafranca?p=
203,https://www.chronicle.com/blogs/linguafranca/2015/10/06/the-third-flaw-in-the-second-amendment/,The Third Flaw in the Second Amendment,7 Oct 2015,,,,,https://www.chronicle.com/blogs/linguafranca?p=
202,https://www.chronicle.com/blogs/linguafranca/2015/10/01/everyday-artificial-stupidity/,Everyday Artificial Stupidity,1 Oct 2015,,,,,https://www.chronicle.com/blogs/linguafranca?p=
201,https://www.chronicle.com/blogs/linguafranca/2015/09/21/sex-and-verbs-and-rock-n-roll/,Sex and Verbs and Rock ’n’ Roll,21 Sep 2015,,,,,https://www.chronicle.com/blogs/linguafranca?p=
200,https://www.chronicle.com/blogs/linguafranca/2015/09/16/pointless-vocabulary-diversity-and-grammatical-structure/,Pointless Vocabulary Diversity and Grammatical Structure,16 Sep 2015,,,,,https://www.chronicle.com/blogs/linguafranca?p=
199,https://www.chronicle.com/blogs/linguafranca/2015/09/01/best-linguistic-jokes-of-the-2015-fringe/,Best Linguistic Jokes of the 2015 Fringe,1 Sep 2015,,,,,https://www.chronicle.com/blogs/linguafranca?p=
198,https://www.chronicle.com/blogs/linguafranca/2015/08/27/the-structure-of-university-names/,The Structure of University Names,27 Aug 2015,,,,,https://www.chronicle.com/blogs/linguafranca?p=
197,https://www.chronicle.com/blogs/linguafranca/2015/08/17/crisis-management-and-proper-usage/,Crisis Management and Proper Usage,17 Aug 2015,,,,,https://www.chronicle.com/blogs/linguafranca?p=
196,https://www.chronicle.com/blogs/linguafranca/2015/08/12/etymology-is-not-destiny/,Etymology Is Not Destiny,12 Aug 2015,,,,,https://www.chronicle.com/blogs/linguafranca?p=
195,https://www.chronicle.com/blogs/linguafranca/2015/08/02/unspeakeable-drug-names/,Unspeakable Drug Names,2 Aug 2015,,,,,https://www.chronicle.com/blogs/linguafranca?p=
194,https://www.chronicle.com/blogs/linguafranca/2015/07/27/what-language-learning-cannot-be/,What Language Learning Cannot Be,27 Jul 2015,,,,,https://www.chronicle.com/blogs/linguafranca?p=
193,https://www.chronicle.com/blogs/linguafranca/2015/07/21/the-fringe-is-coming-to-town/,The Fringe Is Coming to Town,21 Jul 2015,,,,,https://www.chronicle.com/blogs/linguafranca?p=
192,https://www.chronicle.com/blogs/linguafranca/2015/07/16/what-one-means-to-a-linguist/,What ‘One’ Means to a Linguist,16 Jul 2015,,,,,https://www.chronicle.com/blogs/linguafranca?p=
191,https://www.chronicle.com/blogs/linguafranca/2015/07/07/human-resources-and-thought-control/,Human Resources and Thought Control,7 Jul 2015,,,,,https://www.chronicle.com/blogs/linguafranca?p=
190,https://www.chronicle.com/blogs/linguafranca/2015/07/01/babbler-birds-and-babbling-journalists/,Babbler Birds and Babbling Journalists,1 Jul 2015,,,,,https://www.chronicle.com/blogs/linguafranca?p=
189,https://www.chronicle.com/blogs/linguafranca/2015/06/21/revolutionary-methodological-preliminaries/,Revolutionary Methodological Preliminaries,21 Jun 2015,,,,,https://www.chronicle.com/blogs/linguafranca?p=
188,https://www.chronicle.com/blogs/linguafranca/2015/06/16/36-words/,36 Words,16 Jun 2015,,,,,https://www.chronicle.com/blogs/linguafranca?p=
187,https://www.chronicle.com/blogs/linguafranca/2015/06/11/scrabbling-for-words/,Scrabbling for Words,11 Jun 2015,,,,,https://www.chronicle.com/blogs/linguafranca?p=
186,https://www.chronicle.com/blogs/linguafranca/2015/06/01/take-my-metadata/,Take My Metadata,1 Jun 2015,,,,,https://www.chronicle.com/blogs/linguafranca?p=
185,https://www.chronicle.com/blogs/linguafranca/2015/05/27/an-honor-and-a-horror/,An Honor and a Horror,27 May 2015,,,,,https://www.chronicle.com/blogs/linguafranca?p=
184,https://www.chronicle.com/blogs/linguafranca/2015/05/17/competence-performance-and-climate/,Competence, Performance, and Climate,17 May 2015,,,,,https://www.chronicle.com/blogs/linguafranca?p=
183,https://www.chronicle.com/blogs/linguafranca/2015/05/12/legal-and-illegal-commas/,Legal and Illegal Commas,12 May 2015,,,,,https://www.chronicle.com/blogs/linguafranca?p=
182,https://www.chronicle.com/blogs/linguafranca/2015/05/07/dumb-copy-editing-survives/,Dumb Copy Editing Survives,7 May 2015,,,,,https://www.chronicle.com/blogs/linguafranca?p=
181,https://www.chronicle.com/blogs/linguafranca/2015/04/27/diary-of-a-visiting-speaker/,Diary of a Visiting Speaker,27 Apr 2015,,,,,https://www.chronicle.com/blogs/linguafranca?p=
180,https://www.chronicle.com/blogs/linguafranca/2015/04/22/truly-incompetent-english/,Truly Incompetent English,22 Apr 2015,,,,,https://www.chronicle.com/blogs/linguafranca?p=
179,https://www.chronicle.com/blogs/linguafranca/2015/04/12/a-certain-closeness/,A Certain Closeness,12 Apr 2015,,,,,https://www.chronicle.com/blogs/linguafranca?p=
178,https://www.chronicle.com/blogs/linguafranca/2015/04/08/passive-verbosity-again/,Passive Verbosity Again,8 Apr 2015,,,,,https://www.chronicle.com/blogs/linguafranca?p=
177,https://www.chronicle.com/blogs/linguafranca/2015/03/30/an-insult-f/,An Insult from Professor Faxman,30 Mar 2015,,,,,https://www.chronicle.com/blogs/linguafranca?p=
176,https://www.chronicle.com/blogs/linguafranca/2015/03/26/on-writing-well-about-passives/,On Writing Well About Passives,26 Mar 2015,,,,,https://www.chronicle.com/blogs/linguafranca?p=
175,https://www.chronicle.com/blogs/linguafranca/2015/03/17/swinging-for-his-supper/,Swinging for His Supper,17 Mar 2015,,,,,https://www.chronicle.com/blogs/linguafranca?p=
174,https://www.chronicle.com/blogs/linguafranca/2015/03/08/lain-the-whom-of-the-verb-world/,Lain, the Whom of the Verb World,8 Mar 2015,,,,,https://www.chronicle.com/blogs/linguafranca?p=
173,https://www.chronicle.com/blogs/linguafranca/2015/03/04/the-international-phonetic-alphabet/,The International Phonetic Alphabet,4 Mar 2015,,,,,https://www.chronicle.com/blogs/linguafranca?p=
172,https://www.chronicle.com/blogs/linguafranca/2015/02/23/having-a-problem-with-having-a-problem-with/,Having a Problem With ‘Having a Problem With’,23 Feb 2015,,,,,https://www.chronicle.com/blogs/linguafranca?p=
171,https://www.chronicle.com/blogs/linguafranca/2015/02/19/free-speech-the-rough-and-the-smooth/,Free Speech, the Rough and the Smooth,19 Feb 2015,,,,,https://www.chronicle.com/blogs/linguafranca?p=
170,https://www.chronicle.com/blogs/linguafranca/2015/02/10/comprise-yourself/,Comprise Yourself,10 Feb 2015,,,,,https://www.chronicle.com/blogs/linguafranca?p=
169,https://www.chronicle.com/blogs/linguafranca/2015/02/01/ongoing-plethora-not-what-it-appears/,‘Ongoing Plethora’? Not What It Appears,1 Feb 2015,,,,,https://www.chronicle.com/blogs/linguafranca?p=
168,https://www.chronicle.com/blogs/linguafranca/2015/01/28/garage-sociolinguistics/,Garage Sociolinguistics,28 Jan 2015,,,,,https://www.chronicle.com/blogs/linguafranca?p=
167,https://www.chronicle.com/blogs/linguafranca/2015/01/19/the-rules-for-essay-exams/,The Rules for Essay Exams,19 Jan 2015,,,,,https://www.chronicle.com/blogs/linguafranca?p=
166,https://www.chronicle.com/blogs/linguafranca/2015/01/15/he-or-possibly-him-as-head/,He (or Possibly Him?) as Head,15 Jan 2015,,,,,https://www.chronicle.com/blogs/linguafranca?p=
165,https://www.chronicle.com/blogs/linguafranca/2015/01/06/renee-zellweger-as-a-verb-i-dont-think-so/,Renée Zellweger as a Verb? I Don’t Think So,6 Jan 2015,,,,,https://www.chronicle.com/blogs/linguafranca?p=
164,https://www.chronicle.com/blogs/linguafranca/2014/12/14/george-curme-orthographic-radical/,George Curme, Orthographic Radical,14 Dec 2014,,,,,https://www.chronicle.com/blogs/linguafranca?p=
163,https://www.chronicle.com/blogs/linguafranca/2014/12/10/george-curme-21st-century-grammarian/,George Curme, 21st-Century Grammarian,10 Dec 2014,,,,,https://www.chronicle.com/blogs/linguafranca?p=
162,https://www.chronicle.com/blogs/linguafranca/2014/12/01/a-postcard-from-vienna/,A Postcard from Vienna,1 Dec 2014,,,,,https://www.chronicle.com/blogs/linguafranca?p=
161,https://www.chronicle.com/blogs/linguafranca/2014/11/18/disputing-linguistic-myths/,Disputing Linguistic Myths,18 Nov 2014,,,,,https://www.chronicle.com/blogs/linguafranca?p=
160,https://www.chronicle.com/blogs/linguafranca/2014/11/09/the-decline-of-grammar-education/,The Decline of Grammar Education,9 Nov 2014,,,,,https://www.chronicle.com/blogs/linguafranca?p=
159,https://www.chronicle.com/blogs/linguafranca/2014/11/06/writing-instructors-your-pain-is-felt/,Writing Instructors: Your Pain Is Felt,6 Nov 2014,,,,,https://www.chronicle.com/blogs/linguafranca?p=
158,https://www.chronicle.com/blogs/linguafranca/2014/10/27/professor-pinker-and-professor-strunk/,Professor Pinker and Professor Strunk,27 Oct 2014,,,,,https://www.chronicle.com/blogs/linguafranca?p=
157,https://www.chronicle.com/blogs/linguafranca/2014/10/23/talking-about-word-aversion-on-tv/,Talking About Word Aversion on TV,23 Oct 2014,,,,,https://www.chronicle.com/blogs/linguafranca?p=
156,https://www.chronicle.com/blogs/linguafranca/2014/10/14/if-not-me-then-who/,If Not Me Then Who?,14 Oct 2014,,,,,https://www.chronicle.com/blogs/linguafranca?p=
155,https://www.chronicle.com/blogs/linguafranca/2014/10/05/dumb-writing-advice-yielding-to-nitwits/,Dumb Writing Advice, Part 2: Yielding to Nitwits,5 Oct 2014,,,,,https://www.chronicle.com/blogs/linguafranca?p=
154,https://www.chronicle.com/blogs/linguafranca/2014/10/01/dumb-writing-advice/,Dumb Writing Advice, Part 1: Word Prohibitions,1 Oct 2014,,,,,https://www.chronicle.com/blogs/linguafranca?p=
153,https://www.chronicle.com/blogs/linguafranca/2014/09/22/six-likes-liked-and-disliked/,6 Likes, Liked and Disliked,22 Sep 2014,,,,,https://www.chronicle.com/blogs/linguafranca?p=
152,https://www.chronicle.com/blogs/linguafranca/2014/09/18/being-a-subject/,Being a Subject,18 Sep 2014,,,,,https://www.chronicle.com/blogs/linguafranca?p=
151,https://www.chronicle.com/blogs/linguafranca/2014/09/09/better-together-for-whom/,Better Together for Whom?,9 Sep 2014,,,,,https://www.chronicle.com/blogs/linguafranca?p=
150,https://www.chronicle.com/blogs/linguafranca/2014/09/04/the-case-of-the-sinister-buttocks/,The Case of the Sinister Buttocks,4 Sep 2014,,,,,https://www.chronicle.com/blogs/linguafranca?p=
149,https://www.chronicle.com/blogs/linguafranca/2014/08/27/why-well-formed-nonsense-doesnt-matter/,Why Well-Formed Nonsense Doesn’t Matter,27 Aug 2014,,,,,https://www.chronicle.com/blogs/linguafranca?p=
148,https://www.chronicle.com/blogs/linguafranca/2014/08/17/computer-says-b-plus/,Computer Says B-Plus,17 Aug 2014,,,,,https://www.chronicle.com/blogs/linguafranca?p=
147,https://www.chronicle.com/blogs/linguafranca/2014/08/13/grammatical-icing-on-the-political-cake/,Grammatical Icing on the Political Cake,13 Aug 2014,,,,,https://www.chronicle.com/blogs/linguafranca?p=
146,https://www.chronicle.com/blogs/linguafranca/2014/08/04/speaking-out-against-hate-speech-or-not/,Speaking Out Against Hate Speech (Or Not),4 Aug 2014,,,,,https://www.chronicle.com/blogs/linguafranca?p=
145,https://www.chronicle.com/blogs/linguafranca/2014/07/31/verb-agreement-and-hurdling/,Verb Agreement and Hurdling,31 Jul 2014,,,,,https://www.chronicle.com/blogs/linguafranca?p=
144,https://www.chronicle.com/blogs/linguafranca/2014/07/22/valid-pronoun-ambiguity-warnings/,Valid Pronoun-Ambiguity Warnings,22 Jul 2014,,,,,https://www.chronicle.com/blogs/linguafranca?p=
143,https://www.chronicle.com/blogs/linguafranca/2014/07/16/the-etiology-of-turgid-drivel/,The Etiology of Turgid Drivel,16 Jul 2014,,,,,https://www.chronicle.com/blogs/linguafranca?p=
142,https://www.chronicle.com/blogs/linguafranca/2014/07/07/mandarin-myths/,Mandarin Myths,7 Jul 2014,,,,,https://www.chronicle.com/blogs/linguafranca?p=
141,https://www.chronicle.com/blogs/linguafranca/2014/06/26/the-true-secret-of-office-packing/,The True Secret of Office Packing,26 Jun 2014,,,,,https://www.chronicle.com/blogs/linguafranca?p=
140,https://www.chronicle.com/blogs/linguafranca/2014/06/17/grammatical-shades-of-grey/,Grammatical Shades of Grey,17 Jun 2014,,,,,https://www.chronicle.com/blogs/linguafranca?p=
139,https://www.chronicle.com/blogs/linguafranca/2014/06/08/mere-wrds/,Mere W*rds,8 Jun 2014,,,,,https://www.chronicle.com/blogs/linguafranca?p=
138,https://www.chronicle.com/blogs/linguafranca/2014/06/04/new-book-same-old-grammar-babble/,New Book, Same Old Grammar-Babble,4 Jun 2014,,,,,https://www.chronicle.com/blogs/linguafranca?p=
137,https://www.chronicle.com/blogs/linguafranca/2014/05/26/the-vague-main-clause-of-the-second-amendment/,The Vague Main Clause of the Second Amendment,26 May 2014,,,,,https://www.chronicle.com/blogs/linguafranca?p=
136,https://www.chronicle.com/blogs/linguafranca/2014/05/18/the-politics-of-taboo-words/,The Politics of Taboo Words,18 May 2014,,,,,https://www.chronicle.com/blogs/linguafranca?p=
135,https://www.chronicle.com/blogs/linguafranca/2014/05/12/bait-and-switch-comparisons/,Bait-and-Switch Comparisons,12 May 2014,,,,,https://www.chronicle.com/blogs/linguafranca?p=
134,https://www.chronicle.com/blogs/linguafranca/2014/05/08/caricaturing-descriptive-grammarians/,Caricaturing Descriptive Grammarians,8 May 2014,,,,,https://www.chronicle.com/blogs/linguafranca?p=
133,https://www.chronicle.com/blogs/linguafranca/2014/04/29/there-was-no-committee/,There Was No Committee,29 Apr 2014,,,,,https://www.chronicle.com/blogs/linguafranca?p=
132,https://www.chronicle.com/blogs/linguafranca/2014/04/20/and-the-other-is-a-jellyfish/,And the Other Is a Jellyfish,20 Apr 2014,,,,,https://www.chronicle.com/blogs/linguafranca?p=
131,https://www.chronicle.com/blogs/linguafranca/2014/04/16/a-postcard-from-salzburg/,A Postcard from Salzburg,16 Apr 2014,,,,,https://www.chronicle.com/blogs/linguafranca?p=
130,https://www.chronicle.com/blogs/linguafranca/2014/04/07/no-language-for-lottie/,No Language for Lottie,7 Apr 2014,,,,,https://www.chronicle.com/blogs/linguafranca?p=
129,https://www.chronicle.com/blogs/linguafranca/2014/04/03/dolphin-talk-and-human-credulity/,Dolphin Talk and Human Credulity,3 Apr 2014,,,,,https://www.chronicle.com/blogs/linguafranca?p=
128,https://www.chronicle.com/blogs/linguafranca/2014/03/25/communicating-with-the-public/,Communicating with the Public,25 Mar 2014,,,,,https://www.chronicle.com/blogs/linguafranca?p=
127,https://www.chronicle.com/blogs/linguafranca/2014/03/16/undivided-by-a-common-language/,Undivided by a Common Language,16 Mar 2014,,,,,https://www.chronicle.com/blogs/linguafranca?p=
126,https://www.chronicle.com/blogs/linguafranca/2014/03/12/brevity-and-attractiveness/,Brevity and Attractiveness: Misreporting Linguistic Science,12 Mar 2014,,,,,https://www.chronicle.com/blogs/linguafranca?p=
125,https://www.chronicle.com/blogs/linguafranca/2014/03/03/linguistics-qua-affliction/,Linguistics qua Affliction,3 Mar 2014,,,,,https://www.chronicle.com/blogs/linguafranca?p=
124,https://www.chronicle.com/blogs/linguafranca/2014/02/24/real-time-automated-essay-writing/,Real-Time Automated Essay Writing?,24 Feb 2014,,,,,https://www.chronicle.com/blogs/linguafranca?p=
123,https://www.chronicle.com/blogs/linguafranca/2014/02/18/coming-and-going-2/,Coming and Going,18 Feb 2014,,,,,https://www.chronicle.com/blogs/linguafranca?p=
122,https://www.chronicle.com/blogs/linguafranca/2014/02/09/politeness-in-refereeing-favor-requests/,Politeness in Refereeing Favor Requests,9 Feb 2014,,,,,https://www.chronicle.com/blogs/linguafranca?p=
121,https://www.chronicle.com/blogs/linguafranca/2014/02/05/spot-the-captain/,Spot the Captain,5 Feb 2014,,,,,https://www.chronicle.com/blogs/linguafranca?p=
120,https://www.chronicle.com/blogs/linguafranca/2014/01/27/not-cricket/,Not Cricket,27 Jan 2014,,,,,https://www.chronicle.com/blogs/linguafranca?p=
119,https://www.chronicle.com/blogs/linguafranca/2014/01/23/concern-trolls-passives-and-vultures/,‘Concern Trolls,’ Passives, and Vultures,23 Jan 2014,,,,,https://www.chronicle.com/blogs/linguafranca?p=
118,https://www.chronicle.com/blogs/linguafranca/2014/01/14/moths-to-the-flame-of-meaning/,Moths to the Flame of Meaning,14 Jan 2014,,,,,https://www.chronicle.com/blogs/linguafranca?p=
117,https://www.chronicle.com/blogs/linguafranca/2014/01/08/summarize-your-thesis/,Summarize Your Thesis (One Line),8 Jan 2014,,,,,https://www.chronicle.com/blogs/linguafranca?p=
116,https://www.chronicle.com/blogs/linguafranca/2013/12/18/lord-quirk-drops-the-ball/,Lord Quirk Drops the Ball,18 Dec 2013,,,,,https://www.chronicle.com/blogs/linguafranca?p=
115,https://www.chronicle.com/blogs/linguafranca/2013/12/09/banning-students-native-dialects/,Banning Students’ Native Dialects,9 Dec 2013,,,,,https://www.chronicle.com/blogs/linguafranca?p=
114,https://www.chronicle.com/blogs/linguafranca/2013/12/05/google-reads-your-emails/,Google Reads Your Emails?,5 Dec 2013,,,,,https://www.chronicle.com/blogs/linguafranca?p=
113,https://www.chronicle.com/blogs/linguafranca/2013/11/26/not-whether-but-when/,Not Whether, but When,26 Nov 2013,,,,,https://www.chronicle.com/blogs/linguafranca?p=
112,https://www.chronicle.com/blogs/linguafranca/2013/11/17/when-we-do-not-agree/,When We Do Not Agree,17 Nov 2013,,,,,https://www.chronicle.com/blogs/linguafranca?p=
111,https://www.chronicle.com/blogs/linguafranca/2013/11/13/lying-about-writing/,Lying About Writing,13 Nov 2013,,,,,https://www.chronicle.com/blogs/linguafranca?p=
110,https://www.chronicle.com/blogs/linguafranca/2013/11/04/was-it-really-oscar/,Was It Really Oscar?,4 Nov 2013,,,,,https://www.chronicle.com/blogs/linguafranca?p=
109,https://www.chronicle.com/blogs/linguafranca/2013/10/31/linguistic-fuel-for-a-political-brushfire/,Linguistic Fuel for a Political Brushfire,31 Oct 2013,,,,,https://www.chronicle.com/blogs/linguafranca?p=
108,https://www.chronicle.com/blogs/linguafranca/2013/10/21/be-fair-oscar/,Be Fair, Oscar,21 Oct 2013,,,,,https://www.chronicle.com/blogs/linguafranca?p=
107,https://www.chronicle.com/blogs/linguafranca/2013/10/17/the-higgs/,The Higgs: Names Becoming Common Nouns,17 Oct 2013,,,,,https://www.chronicle.com/blogs/linguafranca?p=
106,https://www.chronicle.com/blogs/linguafranca/2013/10/08/the-guardian-opposes-zombie-rules/,‘The Guardian’ Opposes Zombie Rules,8 Oct 2013,,,,,https://www.chronicle.com/blogs/linguafranca?p=
105,https://www.chronicle.com/blogs/linguafranca/2013/09/29/is-the-cognitive-revolution-here-yet/,Is the Cognitive Revolution Here Yet?,29 Sep 2013,,,,,https://www.chronicle.com/blogs/linguafranca?p=
104,https://www.chronicle.com/blogs/linguafranca/2013/09/25/can-goofy-headlines-cost-you-money/,Can Goofy Headlines Cost You Money?,25 Sep 2013,,,,,https://www.chronicle.com/blogs/linguafranca?p=
103,https://www.chronicle.com/blogs/linguafranca/2013/09/16/keep-your-multilingualism-to-yourself/,Keep Your Multilingualism to Yourself,16 Sep 2013,,,,,https://www.chronicle.com/blogs/linguafranca?p=
102,https://www.chronicle.com/blogs/linguafranca/2013/09/12/gentler-cuddlier-grammarians/,Gentler, Cuddlier Grammarians,12 Sep 2013,,,,,https://www.chronicle.com/blogs/linguafranca?p=
101,https://www.chronicle.com/blogs/linguafranca/2013/09/03/dick-swiveller/,Who’d Want to Be a Dick Swiveller?,3 Sep 2013,,,,,https://www.chronicle.com/blogs/linguafranca?p=
100,https://www.chronicle.com/blogs/linguafranca/2013/08/25/from-netherlandic-german-to-multilingual-sardinia/,From Netherlandic-German to Multilingual Sardinia,25 Aug 2013,,,,,https://www.chronicle.com/blogs/linguafranca?p=
99,https://www.chronicle.com/blogs/linguafranca/2013/08/21/counting-the-languages-of-the-world/,Counting the Languages of the World,21 Aug 2013,,,,,https://www.chronicle.com/blogs/linguafranca?p=
98,https://www.chronicle.com/blogs/linguafranca/2013/08/12/being-wrong-to-be-right/,Being Wrong to Be Right,12 Aug 2013,,,,,https://www.chronicle.com/blogs/linguafranca?p=
97,https://www.chronicle.com/blogs/linguafranca/2013/08/08/hungarian-i-am-not/,Hungarian I Am Not,8 Aug 2013,,,,,https://www.chronicle.com/blogs/linguafranca?p=
96,https://www.chronicle.com/blogs/linguafranca/2013/07/30/is-strunk-bunk-a-game-changing-new-development/,Is Strunk Bunk? a Game-Changing New Development,30 Jul 2013,,,,,https://www.chronicle.com/blogs/linguafranca?p=
95,https://www.chronicle.com/blogs/linguafranca/2013/07/21/the-great-fitzgerald/,The Great Fitzgerald,21 Jul 2013,,,,,https://www.chronicle.com/blogs/linguafranca?p=
94,https://www.chronicle.com/blogs/linguafranca/2013/07/17/blowing-in-the-political-wind/,Blowing in the Political Wind,17 Jul 2013,,,,,https://www.chronicle.com/blogs/linguafranca?p=
93,https://www.chronicle.com/blogs/linguafranca/2013/07/08/extractor-fans-big-brother-and-the-passive/,Extractor Fans, Big Brother, and the Passive,8 Jul 2013,,,,,https://www.chronicle.com/blogs/linguafranca?p=
92,https://www.chronicle.com/blogs/linguafranca/2013/06/25/a-postcard-from-galicia/,A Postcard from Galicia,25 Jun 2013,,,,,https://www.chronicle.com/blogs/linguafranca?p=
91,https://www.chronicle.com/blogs/linguafranca/2013/06/16/changing-the-subject/,You’re Wrong and I’m Changing the Subject,16 Jun 2013,,,,,https://www.chronicle.com/blogs/linguafranca?p=
90,https://www.chronicle.com/blogs/linguafranca/2013/06/12/a-trinity-of-languages/,A Trinity of Languages,12 Jun 2013,,,,,https://www.chronicle.com/blogs/linguafranca?p=
89,https://www.chronicle.com/blogs/linguafranca/2013/06/03/getting-in-and-out-and-looked-at/,Getting In and Out (and Looked At),3 Jun 2013,,,,,https://www.chronicle.com/blogs/linguafranca?p=
88,https://www.chronicle.com/blogs/linguafranca/2013/05/30/machine-translation/,Machine Translation Without the Translation,30 May 2013,,,,,https://www.chronicle.com/blogs/linguafranca?p=
87,https://www.chronicle.com/blogs/linguafranca/2013/05/22/speech-recognition-vs-language-processing/,Speech Recognition vs. Language Processing,22 May 2013,2013-05-22,,,Voice interaction with machines has been brought up to a useful level not so much by accurate identification of speech, says Geoff Pullum, but by structuring the space of possible conversations.,https://www.chronicle.com/blogs/linguafranca?p=139
86,https://www.chronicle.com/blogs/linguafranca/2013/05/12/keyword-search-plus-a-little-magic/,Keyword Search, Plus a Little Magic,12 May 2013,2013-05-12,http://www.blindfiveyearold.com/wp-content/uploads/2008/12/google-phrase-match-and-exact-match.png,google,Looking for keywords in files was dumb until the discovery of a magic additive that made it usable, Geoff Pullum explains.,https://www.chronicle.com/blogs/linguafranca?p=139
85,https://www.chronicle.com/blogs/linguafranca/2013/05/08/natural-language-processing/,Why Are We Still Waiting for Natural Language Processing?,8 May 2013,2013-05-08,,,Geoff Pullum says computer systems should be able to understand simple English questions--and answer them.,https://www.chronicle.com/blogs/linguafranca?p=140
84,https://www.chronicle.com/blogs/linguafranca/2013/04/29/being-a-coordinator/,Being a Conjunction (slash Coordinator),29 Apr 2013,2013-04-29,https://creativeartsconsulting.files.wordpress.com/2012/04/slash-alt.jpg,/{slash},Yes, a new word (“slash”) has joined the category of “conjunctions”; but, Geoff Pullum argues, that category should be renamed.,https://www.chronicle.com/blogs/linguafranca?p=140
83,https://www.chronicle.com/blogs/linguafranca/2013/04/25/we-do-not-seek-to-rule/,We Do Not Seek to Rule,25 Apr 2013,2013-04-25,,,,https://www.chronicle.com/blogs/linguafranca?p=141
82,https://www.chronicle.com/blogs/linguafranca/2013/04/16/king-jong-un/,King Jong-un,16 Apr 2013,2013-04-16,,,,https://www.chronicle.com/blogs/linguafranca?p=141
81,https://www.chronicle.com/blogs/linguafranca/2013/04/07/orwell-and-the-not-unblack-dog/,Orwell and the Not Unblack Dog,7 Apr 2013,2013-04-07,https://chronicle-brightspot.s3.amazonaws.com/e8/3d/29bc4663ae449208a1d74a593b92/images.jpg,running dog,Geoff Pullum explains one of his reasons for seeing George Orwell’s “Politics and the English Language” as not just silly but intellectually dishonest.,https://www.chronicle.com/blogs/linguafranca?p=142
80,https://www.chronicle.com/blogs/linguafranca/2013/04/03/elimination-of-the-fittest/,Elimination of the Fittest,3 Apr 2013,2013-04-03,https://chronicle-brightspot.s3.amazonaws.com/66/9b/9f5c9e0b1ea11318180a733c9b8a/blogtagcloud.jpg,words art,Why, asks Geoff Pullum, does anybody take seriously George Orwell’s famous recommendation to avoid the phrases that figure most frequently in current writing?,https://www.chronicle.com/blogs/linguafranca?p=142
79,https://www.chronicle.com/blogs/linguafranca/2013/03/25/fair-comment-and-privileged-occasions/,Fair Comment and Privileged Occasions,25 Mar 2013,2013-03-25,,,Even under an extraordinarily plaintiff-friendly legal system, says Geoff Pullum, surely a librarian should not have been deemed vulnerable to a libel suit for comments on book quality?,https://www.chronicle.com/blogs/linguafranca?p=143
78,https://www.chronicle.com/blogs/linguafranca/2013/03/21/being-an-apostrophe/,Being an Apostrophe,21 Mar 2013,2013-03-21,https://news.bbcimg.co.uk/media/images/66407000/jpg/_66407525_66407524.jpg,street name,A local government council that proposed dropping apostrophes from street-name signs faced fury from the guardians of punctuation. The guardians are mistaken, says Geoff Pullum.,https://www.chronicle.com/blogs/linguafranca?p=143
77,https://www.chronicle.com/blogs/linguafranca/2013/03/12/quite/,Quite,12 Mar 2013,2013-03-12,http://chronicle-brightspot.s3.amazonaws.com/b9/91%2Ffbb02b435012190df1302d8fc1bd/thierry-ph45-qrs.jpg,quite right,The maligned adverb “quite” seems to have two opposite meanings, some people say. Not true, Geoff Pullum explains.,https://www.chronicle.com/blogs/linguafranca?p=144
76,https://www.chronicle.com/blogs/linguafranca/2013/03/03/spurious-correlations-everywhere/,Spurious Correlations Everywhere: The Tragedy of Big Data,3 Mar 2013,2013-03-03,,,,https://www.chronicle.com/blogs/linguafranca?p=144
75,https://www.chronicle.com/blogs/linguafranca/2013/02/27/predicting-prudence-from-tense-marking/,Predicting Prudence from Tense Marking?,27 Feb 2013,,,,,https://www.chronicle.com/blogs/linguafranca?p=
74,https://www.chronicle.com/blogs/linguafranca/2013/02/19/being-an-adverb/,Being an Adverb,19 Feb 2013,,,,,https://www.chronicle.com/blogs/linguafranca?p=
73,https://www.chronicle.com/blogs/linguafranca/2013/02/10/revision-respect-and-etymological-cleansing/,Revision, Respect, and Etymological Cleansing,10 Feb 2013,,,,,https://www.chronicle.com/blogs/linguafranca?p=
72,https://www.chronicle.com/blogs/linguafranca/2013/02/04/being-a-preposition/,Being a Preposition,4 Feb 2013,,,,,https://www.chronicle.com/blogs/linguafranca?p=
71,https://www.chronicle.com/blogs/linguafranca/2013/01/28/humor-detection-module-not-innate/,Humor Detection Module Not Innate,28 Jan 2013,,,,,https://www.chronicle.com/blogs/linguafranca?p=
70,https://www.chronicle.com/blogs/linguafranca/2013/01/20/the-hacks-and-the-hackers/,The Hacks and the Hackers,20 Jan 2013,,,,,https://www.chronicle.com/blogs/linguafranca?p=
69,https://www.chronicle.com/blogs/linguafranca/2013/01/13/being-an-adjective/,Being an Adjective,13 Jan 2013,,,,,https://www.chronicle.com/blogs/linguafranca?p=
68,https://www.chronicle.com/blogs/linguafranca/2013/01/09/stopping-to-consider-language-acquisition/,Stopping to Consider Language Acquisition,9 Jan 2013,,,,,https://www.chronicle.com/blogs/linguafranca?p=
67,https://www.chronicle.com/blogs/linguafranca/2012/12/19/grammar-to-the-rescue/,Grammar to the Rescue,19 Dec 2012,,,,,https://www.chronicle.com/blogs/linguafranca?p=
66,https://www.chronicle.com/blogs/linguafranca/2012/12/10/shaken-not-stirred/,Shaken, Not Stirred,10 Dec 2012,,,,,https://www.chronicle.com/blogs/linguafranca?p=
65,https://www.chronicle.com/blogs/linguafranca/2012/12/06/a-rule-which-will-live-in-infamy/,A Rule Which Will Live in Infamy,6 Dec 2012,,,,,https://www.chronicle.com/blogs/linguafranca?p=
64,https://www.chronicle.com/blogs/linguafranca/2012/11/29/one-rule-to-ring-them-all/,One Rule to Ring Them All,29 Nov 2012,,,,,https://www.chronicle.com/blogs/linguafranca?p=
63,https://www.chronicle.com/blogs/linguafranca/2012/11/18/dont-blame-your-moods-on-your-language/,Don’t Blame Your Moods on Your Language,18 Nov 2012,,,,,https://www.chronicle.com/blogs/linguafranca?p=
62,https://www.chronicle.com/blogs/linguafranca/2012/11/12/thats-right/,That’s Right,12 Nov 2012,,,,,https://www.chronicle.com/blogs/linguafranca?p=
61,https://www.chronicle.com/blogs/linguafranca/2012/11/08/grammatical-relationship-counseling-needed/,Grammatical Relationship Counseling Needed,8 Nov 2012,,,,,https://www.chronicle.com/blogs/linguafranca?p=
60,https://www.chronicle.com/blogs/linguafranca/2012/10/30/frankenwords/,Frankenwords,30 Oct 2012,,,,,https://www.chronicle.com/blogs/linguafranca?p=
59,https://www.chronicle.com/blogs/linguafranca/2012/10/21/illegal-immigrants-and-marine-biologists/,Illegal Immigrants and Marine Biologists,21 Oct 2012,,,,,https://www.chronicle.com/blogs/linguafranca?p=
58,https://www.chronicle.com/blogs/linguafranca/2012/10/18/what-words-to-say/,What Words to Say, What Sort of Person to Be,18 Oct 2012,,,,,https://www.chronicle.com/blogs/linguafranca?p=
57,https://www.chronicle.com/blogs/linguafranca/2012/10/08/passive-writing-at-the-daily-planet/,Passive Writing at the Daily Planet,8 Oct 2012,,,,,https://www.chronicle.com/blogs/linguafranca?p=
56,https://www.chronicle.com/blogs/linguafranca/2012/10/04/more-grammar-hate-mail/,More Grammar Hate Mail,4 Oct 2012,,,,,https://www.chronicle.com/blogs/linguafranca?p=
55,https://www.chronicle.com/blogs/linguafranca/2012/09/25/not-lovecrafts-providence/,Not Lovecraft’s Providence,25 Sep 2012,,,,,https://www.chronicle.com/blogs/linguafranca?p=
54,https://www.chronicle.com/blogs/linguafranca/2012/09/16/lovecrafts-providence/,Lovecraft’s Providence,16 Sep 2012,,,,,https://www.chronicle.com/blogs/linguafranca?p=
53,https://www.chronicle.com/blogs/linguafranca/2012/09/12/organic-syntax/,Organic Syntax,12 Sep 2012,,,,,https://www.chronicle.com/blogs/linguafranca?p=
52,https://www.chronicle.com/blogs/linguafranca/2012/09/06/planet-of-chongqing/,The Planet of Chongqing,6 Sep 2012,,,,,https://www.chronicle.com/blogs/linguafranca?p=
51,https://www.chronicle.com/blogs/linguafranca/2012/08/28/rules-that-eat-your-brain/,Rules That Eat Your Brain,28 Aug 2012,,,,,https://www.chronicle.com/blogs/linguafranca?p=
50,https://www.chronicle.com/blogs/linguafranca/2012/08/19/even-that-would-be-a-grammar/,Even That Would Be a Grammar,19 Aug 2012,,,,,https://www.chronicle.com/blogs/linguafranca?p=
49,https://www.chronicle.com/blogs/linguafranca/2012/08/15/you-are-software-dont-greet-me/,You Are Software; Don’t Greet Me,15 Aug 2012,,,,,https://www.chronicle.com/blogs/linguafranca?p=
48,https://www.chronicle.com/blogs/linguafranca/2012/08/06/the-riddle-of-frisney-and-frarney/,The Riddle of Frisney and Frarney,6 Aug 2012,,,,,https://www.chronicle.com/blogs/linguafranca?p=
47,https://www.chronicle.com/blogs/linguafranca/2012/08/02/spelling-lexical-flotsam/,Spelling Random Lexical Flotsam,2 Aug 2012,,,,,https://www.chronicle.com/blogs/linguafranca?p=
46,https://www.chronicle.com/blogs/linguafranca/2012/07/24/fairies/,Fairies,24 Jul 2012,,,,,https://www.chronicle.com/blogs/linguafranca?p=
45,https://www.chronicle.com/blogs/linguafranca/2012/07/15/speak-up/,Speak Up!,15 Jul 2012,,,,,https://www.chronicle.com/blogs/linguafranca?p=
44,https://www.chronicle.com/blogs/linguafranca/2012/07/11/away-from-ones-desk/,Away From One’s Desk,11 Jul 2012,,,,,https://www.chronicle.com/blogs/linguafranca?p=
43,https://www.chronicle.com/blogs/linguafranca/2012/07/02/wall-street-journal-pushes-grammar-panic/,‘Wall Street Journal’ Pushes Grammar Panic,2 Jul 2012,,,,,https://www.chronicle.com/blogs/linguafranca?p=
42,https://www.chronicle.com/blogs/linguafranca/2012/06/27/remembering-alan-turing/,Remembering Alan Turing,27 Jun 2012,2012-06-27,,,,https://www.chronicle.com/blogs/linguafranca?p=144
41,https://www.chronicle.com/blogs/linguafranca/2012/06/19/being-a-noun/,Being a Noun,19 Jun 2012,,,,,https://www.chronicle.com/blogs/linguafranca?p=
40,https://www.chronicle.com/blogs/linguafranca/2012/06/10/when-your-computer-is-as-easy-to-use-as-your-phone/,When Your Computer Is as Easy to Use as Your Phone,10 Jun 2012,,,,,https://www.chronicle.com/blogs/linguafranca?p=
39,https://www.chronicle.com/blogs/linguafranca/2012/06/06/the-however-myth/,More on the ‘However’ Myth,6 Jun 2012,,,,,https://www.chronicle.com/blogs/linguafranca?p=
38,https://www.chronicle.com/blogs/linguafranca/2012/05/28/the-case-of-the-extra-word/,The Case of the Extra Word,28 May 2012,,,,,https://www.chronicle.com/blogs/linguafranca?p=
37,https://www.chronicle.com/blogs/linguafranca/2012/05/23/forget-me-scott-reed/,Forget me, Scott Reed,23 May 2012,,,,,https://www.chronicle.com/blogs/linguafranca?p=
36,https://www.chronicle.com/blogs/linguafranca/2012/05/14/lying-about-language/,Lying About Language,14 May 2012,,,,,https://www.chronicle.com/blogs/linguafranca?p=
35,https://www.chronicle.com/blogs/linguafranca/2012/05/10/grammar-and-extraterrestrials/,Beliefs About Grammar and Extraterrestrials,10 May 2012,,,,,https://www.chronicle.com/blogs/linguafranca?p=
34,https://www.chronicle.com/blogs/linguafranca/2012/05/01/the-quality-length-correlation/,The Quality-Length Correlation,1 May 2012,,,,,https://www.chronicle.com/blogs/linguafranca?p=
33,https://www.chronicle.com/blogs/linguafranca/2012/04/22/hopefully-foolishness/,‘Hopefully’: Five Decades of Foolishness,22 Apr 2012,,,,,https://www.chronicle.com/blogs/linguafranca?p=
32,https://www.chronicle.com/blogs/linguafranca/2012/04/17/not-rage-but-fear/,Not Rage So Much, but a Modicum of Fear,17 Apr 2012,,,,,https://www.chronicle.com/blogs/linguafranca?p=
31,https://www.chronicle.com/blogs/linguafranca/2012/04/09/a-great-space-for-nitpicking/,A Great Space for Nitpicking,9 Apr 2012,,,,,https://www.chronicle.com/blogs/linguafranca?p=
30,https://www.chronicle.com/blogs/linguafranca/2012/04/05/being_a_verb/,Being a Verb,5 Apr 2012,,,,,https://www.chronicle.com/blogs/linguafranca?p=
29,https://www.chronicle.com/blogs/linguafranca/2012/03/27/poisonous-dispute/,The Rise and Fall of a Venomous Dispute,27 Mar 2012,,,,,https://www.chronicle.com/blogs/linguafranca?p=
28,https://www.chronicle.com/blogs/linguafranca/2012/03/18/passives-pandas-and-dangling-modifiers/,Passives, Pandas, and Dangling Modifiers,18 Mar 2012,,,,,https://www.chronicle.com/blogs/linguafranca?p=
27,https://www.chronicle.com/blogs/linguafranca/2012/03/14/bad-science-reporting-effect/,The Bad Science Reporting Effect,14 Mar 2012,,,,,https://www.chronicle.com/blogs/linguafranca?p=
26,https://www.chronicle.com/blogs/linguafranca/2012/03/05/foreign-language-instruction-part-3-accentuating-the-positive/,Foreign Language Education, Part 3: Accentuating the Positive,5 Mar 2012,,,,,https://www.chronicle.com/blogs/linguafranca?p=
25,https://www.chronicle.com/blogs/linguafranca/2012/03/01/more-on-how-to-argue-for-foreign-language-instruction/,More on How to Argue for Foreign-Language Instruction,1 Mar 2012,,,,,https://www.chronicle.com/blogs/linguafranca?p=
24,https://www.chronicle.com/blogs/linguafranca/2012/02/21/foreign-language-instruction/,How to Argue for Foreign Language Instruction,21 Feb 2012,,,,,https://www.chronicle.com/blogs/linguafranca?p=
23,https://www.chronicle.com/blogs/linguafranca/2012/02/13/literary-judgment-marred-by-dumb-grammar-myth/,Literary Judgment Marred by Dumb Grammar Myth,13 Feb 2012,,,,,https://www.chronicle.com/blogs/linguafranca?p=
22,https://www.chronicle.com/blogs/linguafranca/2012/02/05/ferment-and-befuddlement/,Ferment and Befuddlement,5 Feb 2012,,,,,https://www.chronicle.com/blogs/linguafranca?p=
21,https://www.chronicle.com/blogs/linguafranca/2012/02/01/legislating-language-and-truth/,Legislating Language and Truth,1 Feb 2012,,,,,https://www.chronicle.com/blogs/linguafranca?p=
20,https://www.chronicle.com/blogs/linguafranca/2012/01/17/normal-and-formal/,Normal and Formal,17 Jan 2012,,,,,https://www.chronicle.com/blogs/linguafranca?p=
19,https://www.chronicle.com/blogs/linguafranca/2012/01/26/shock-writer-avoids-mentioning-passive/,Shock: Writer Avoids Mentioning Passive!,26 Jan 2012,,,,,https://www.chronicle.com/blogs/linguafranca?p=
18,https://www.chronicle.com/blogs/linguafranca/2012/01/08/the-year-of-occupy/,The Year of ‘Occupy’,8 Jan 2012,,,,,https://www.chronicle.com/blogs/linguafranca?p=
17,https://www.chronicle.com/blogs/linguafranca/2012/01/04/dogma-and-evidence/,Dogma vs. Evidence: Singular They,4 Jan 2012,,,,,https://www.chronicle.com/blogs/linguafranca?p=
16,https://www.chronicle.com/blogs/linguafranca/2011/12/15/pronoun-agreement-out-the-window/,Pronoun Agreement Out the Window?,15 Dec 2011,,,,,https://www.chronicle.com/blogs/linguafranca?p=
15,https://www.chronicle.com/blogs/linguafranca/2011/12/05/academic-hate-mail/,Academic Hate Mail,5 Dec 2011,,,,,https://www.chronicle.com/blogs/linguafranca?p=
14,https://www.chronicle.com/blogs/linguafranca/2011/11/30/beware-the-misles/,Beware the Misles,30 Nov 2011,,,,,https://www.chronicle.com/blogs/linguafranca?p=
13,https://www.chronicle.com/blogs/linguafranca/2011/11/20/thanksgiving-for-susie/,A Thanksgiving for Susie,20 Nov 2011,,,,,https://www.chronicle.com/blogs/linguafranca?p=
12,https://www.chronicle.com/blogs/linguafranca/2011/11/15/arctic_slush/,More Linguistic Slush From the Arctic,15 Nov 2011,,,,,https://www.chronicle.com/blogs/linguafranca?p=
11,https://www.chronicle.com/blogs/linguafranca/2011/11/10/i-will-never-be-a-ranter/,I Will Never Be a Ranter,10 Nov 2011,,,,,https://www.chronicle.com/blogs/linguafranca?p=
10,https://www.chronicle.com/blogs/linguafranca/2011/10/31/permalinks-ensparbulation-etc/,Permalinks, Ensparbulation, Etc.,1 Nov 2011,,,,,https://www.chronicle.com/blogs/linguafranca?p=
9,https://www.chronicle.com/blogs/linguafranca/2011/10/25/love-among-the-participles/,Love Among the Participles,26 Oct 2011,,,,,https://www.chronicle.com/blogs/linguafranca?p=
8,https://www.chronicle.com/blogs/linguafranca/2011/10/19/attack-the-muffled-mendacities-of-the-administrative-creatures/,Attack the Muffled Mendacities of the Administrative Creatures,19 Oct 2011,,,,,https://www.chronicle.com/blogs/linguafranca?p=
7,https://www.chronicle.com/blogs/linguafranca/2011/10/14/glovens-and-webinars/,Glovens and Webinars,14 Oct 2011,,,,,https://www.chronicle.com/blogs/linguafranca?p=
6,https://www.chronicle.com/blogs/linguafranca/2011/10/01/mistakes-are-made/,Mistakes Are Made (But Using the Passive Isn’t One of Them),1 Oct 2011,,,,,https://www.chronicle.com/blogs/linguafranca?p=
5,https://www.chronicle.com/blogs/linguafranca/2011/09/26/jack-reacher-flunks-phonetics/,Jack Reacher Flunks Phonetics,26 Sep 2011,,,,,https://www.chronicle.com/blogs/linguafranca?p=
4,https://www.chronicle.com/blogs/linguafranca/2011/09/20/chasing-me/,Chasing Me!,21 Sep 2011,,,,,https://www.chronicle.com/blogs/linguafranca?p=
3,https://www.chronicle.com/blogs/linguafranca/2011/09/14/invaders-from-america-not/,Invaders from America … Not!,14 Sep 2011,,,,,https://www.chronicle.com/blogs/linguafranca?p=
2,https://www.chronicle.com/blogs/linguafranca/2011/09/08/declarative/,In the Time of Declarative Sentences,8 Sep 2011,,,,,https://www.chronicle.com/blogs/linguafranca?p=
1,https://www.chronicle.com/blogs/linguafranca/2011/08/26/i-wish-id-said-that/,I Wish I’d Said That,26 Aug 2011,,,,,https://www.chronicle.com/blogs/linguafranca?p=
